{"authorMap":{"fallback":"Chủ đề Xiaomi","zh_CN":"Chủ đề Xiaomi"},"desc":"Nhìn thấy thực giữa ánh sáng ảo và bóng tối. ","descMap":{"fallback":"Nhìn thấy thực giữa ánh sáng ảo và bóng tối. ","zh_CN":"Nhìn thấy thực giữa ánh sáng ảo và bóng tối. "},"designerMap":{"fallback":"Chủ đề Xiaomi","zh_CN":"Chủ đề Xiaomi"},"editable":true,"id":"1e2dc3a6-feda-4d76-963d-91d95ba0266d","isCustomEdit":false,"title":"Ký tên","titleMap":{"fallback":"Ký tên","zh_CN":"Ký tên"},"typeTag":"theme_signature","versionCode":101}