{"authorMap":{"fallback":"手机管家","zh_TW":"手機管家","bo_CN":"ཁ་པར་དོ་དམ་པ།","en_US":"Security","ug_CN":"يانفون غوجىدارى","zh_CN":"手机管家"},"desc":"快速管理手机，了解手机状态","descMap":{"fallback":"快速管理手机，了解手机状态","zh_TW":"快速管理手機，瞭解手機狀態","bo_CN":"ཁ་པར་མགྱོགས་མྱུར་དོ་དམ་བྱས་ཏེ་གནས་སྟངས་རྒྱུས་ལོན་བྱ།","en_US":"Optimize your device and boost performance","ug_CN":"يانفوننى تېزدىن باشقۇرۇپ، يانفون ھالىتىنى چۈشىنىڭ","zh_CN":"快速管理手机，了解手机状态"},"designerMap":{"fallback":"手机管家","zh_TW":"手機管家","bo_CN":"ཁ་པར་དོ་དམ་པ།","en_US":"Security","ug_CN":"يانفون غوجىدارى","zh_CN":"手机管家"},"editable":false,"id":"c48cd1fa-c71f-468e-823f-f417c7d8f4c0","isCustomEdit":false,"title":"清理加速","titleMap":{"fallback":"清理加速","zh_TW":"清理並且加速","bo_CN":"གཙང་སེལ་ཤུགས་སྣོན།","en_US":"Cleaner","ug_CN":"يانفون تېزلىتىش","zh_CN":"清理加速"},"typeTag":"theme_bind:com.miui.securitycenter","versionCode":137}