{"authorMap":{"fallback":"手机管家","zh_TW":"手機管家","bo_CN":"ཁ་པར་དོ་དམ་པ།","en_US":"Security","ug_CN":"يانفون غوجىدارى","zh_CN":"手机管家"},"desc":"查看全部设备的电量","descMap":{"fallback":"查看全部设备的电量","zh_TW":"查看全部裝置的電量","bo_CN":"སྒྲིག་ཆས་ཆ་ཚང་གི་གློག་རྫས་ལྟ་བཤེར།","en_US":"View all devices","ug_CN":"بارلىق ئۈسكۈنىنىڭ توك مىقدارىنى كۆرۈش","zh_CN":"查看全部设备的电量"},"designerMap":{"fallback":"手机管家","zh_TW":"手機管家","bo_CN":"ཁ་པར་དོ་དམ་པ།","en_US":"Security","ug_CN":"يانفون غوجىدارى","zh_CN":"手机管家"},"editable":false,"id":"f45ca1ae-5574-45d5-98da-f3601d07fab1","isCustomEdit":false,"title":"电池","titleMap":{"fallback":"电池","zh_TW":"电池。繁体","bo_CN":"གློག་རྫས།","en_US":"Battery","ug_CN":"باتارىيە","zh_CN":"电池"},"typeTag":"theme_bind:com.miui.securitycenter","versionCode":133}