{"authorMap":{"fallback":"手机管家","zh_TW":"手機管家","bo_CN":"ཁ་པར་དོ་དམ་པ།","en_US":"Security","ug_CN":"يانفون غوجىدارى","zh_CN":"手机管家"},"desc":"桌面上的手机健康管家","descMap":{"fallback":"桌面上的手机健康管家","zh_TW":"桌面上的手機健康管家","bo_CN":"ཅོག་ངོས་ཁ་པར་བདེ་ཐང་དོ་དམ།","en_US":"View security info and optimize your device","ug_CN":"ئېكران يۈزىدىكى يانفون ساغلاملىقى غوجىدارى","zh_CN":"桌面上的手机健康管家"},"designerMap":{"fallback":"手机管家","zh_TW":"手機管家","bo_CN":"ཁ་པར་དོ་དམ་པ།","en_US":"Security","ug_CN":"يانفون غوجىدارى","zh_CN":"手机管家"},"editable":false,"id":"31c9a11e-d376-49ce-afd0-945dd4d8aeeb","isCustomEdit":false,"title":"手机健康","titleMap":{"fallback":"手机健康","zh_TW":"手機健康","bo_CN":"ཁ་པར་བདེ་ཐང་།","en_US":"Security","ug_CN":"يانفون ساغلاملىقى","zh_CN":"手机健康"},"typeTag":"theme_bind:com.miui.securitycenter","versionCode":159}