<?xml version="1.0" encoding="UTF-8" standalone="no"?>
<theme>
<version><![CDATA[1]]></version>
<uiVersion>12</uiVersion>
<author><![CDATA[Chủ đề Xiaomi]]></author>
<designer><![CDATA[Chủ đề Xiaomi]]></designer>
<title><![CDATA[Đếm bước]]></title>
<description><![CDATA[Nhìn thấy thực giữa ánh sáng ảo và bóng tối.]]></description>
<typeTag>theme_tools</typeTag>
<frame>0</frame>
<editable>false</editable>
<resourceType>widgets</resourceType>
<authors>
<author locale="zh_CN"><![CDATA[Chủ đề Xiaomi]]></author>
</authors>
<designers>
<designer locale="zh_CN"><![CDATA[Chủ đề Xiaomi]]></designer>
</designers>
<titles>
<title locale="zh_CN"><![CDATA[Đếm bước]]></title>
</titles>
<descriptions>
<description locale="zh_CN"><![CDATA[Nhìn thấy thực giữa ánh sáng ảo và bóng tối.]]></description>
</descriptions>
</theme>
