{"authorMap":{"fallback":"Chủ đề Xiaomi","zh_CN":"Chủ đề Xiaomi"},"desc":"Nhìn thấy thực giữa ánh sáng ảo và bóng tối.","descMap":{"fallback":"Nhìn thấy thực giữa ánh sáng ảo và bóng tối.","zh_CN":"Nhìn thấy thực giữa ánh sáng ảo và bóng tối."},"designerMap":{"fallback":"Chủ đề Xiaomi","zh_CN":"Chủ đề Xiaomi"},"editable":false,"id":"31224f15-4d54-4ab5-b89e-897856e204a1","isCustomEdit":false,"title":"Đếm bước","titleMap":{"fallback":"Đếm bước","zh_CN":"Đếm bước"},"typeTag":"theme_tools","versionCode":1}