{"authorMap":{"fallback":"Chủ đề Xiaomi","zh_CN":"Chủ đề Xiaomi"},"desc":"Nhìn thấy thực giữa ánh sáng ảo và bóng tối.","descMap":{"fallback":"Nhìn thấy thực giữa ánh sáng ảo và bóng tối.","zh_CN":"Nhìn thấy thực giữa ánh sáng ảo và bóng tối."},"designerMap":{"fallback":"Chủ đề Xiaomi","zh_CN":"Chủ đề Xiaomi"},"editable":false,"id":"742756da-a7b4-4a0e-a18b-e3e43b41d44c","isCustomEdit":false,"title":"Lịch","titleMap":{"fallback":"Lịch","zh_CN":"Lịch"},"typeTag":"theme_calendar","versionCode":1}