{"authorMap":{"fallback":"Chủ đề Xiaomi","zh_CN":"Chủ đề Xiaomi"},"desc":"Nhìn thấy thực giữa ánh sáng ảo và bóng tối.","descMap":{"fallback":"Nhìn thấy thực giữa ánh sáng ảo và bóng tối.","zh_CN":"Nhìn thấy thực giữa ánh sáng ảo và bóng tối."},"designerMap":{"fallback":"Chủ đề Xiaomi","zh_CN":"Chủ đề Xiaomi"},"editable":false,"id":"f584ba08-2b6a-4123-854e-133fae18d67d","isCustomEdit":false,"title":"Đồng hồ","titleMap":{"fallback":"Đồng hồ","zh_CN":"Đồng hồ"},"typeTag":"theme_clock","versionCode":1}