{"authorMap":{"fallback":"Chủ đề Xiaomi","zh_CN":"Chủ đề Xiaomi"},"desc":"Sạch sẽ và tối giản.","descMap":{"fallback":"Sạch sẽ và tối giản.","zh_CN":"Sạch sẽ và tối giản."},"designerMap":{"fallback":"Chủ đề Xiaomi","zh_CN":"Chủ đề Xiaomi"},"editable":false,"id":"028845d4-0b3a-4b1f-8990-b8f19d3623ae","isCustomEdit":false,"title":"Đếm bước đi","titleMap":{"fallback":"Đếm bước đi","zh_CN":"Đếm bước đi"},"typeTag":"theme_tools","versionCode":101}