{"authorMap":{"fallback":"Chủ đề Xiaomi","zh_CN":"Chủ đề Xiaomi"},"desc":"Đừng để công việc bán thời gian trở thành toàn bộ cuộc sống của bạn. Buổi sáng tốt lành! Đánh công nhân.","descMap":{"fallback":"Đừng để công việc bán thời gian trở thành toàn bộ cuộc sống của bạn. Buổi sáng tốt lành! Đánh công nhân.","zh_CN":"Đừng để công việc bán thời gian trở thành toàn bộ cuộc sống của bạn. Buổi sáng tốt lành! Đánh công nhân."},"designerMap":{"fallback":"Chủ đề Xiaomi","zh_CN":"Chủ đề Xiaomi"},"editable":false,"id":"250a1fa9-694b-4a98-b9fe-368a6b19175a","isCustomEdit":false,"title":"Lịch","titleMap":{"fallback":"Lịch","zh_CN":"Lịch"},"typeTag":"theme_calendar","versionCode":101}