{"authorMap":{"fallback":"Security","zh_TW":"手機管家","bo_CN":"ཁ་པར་དོ་དམ་པ།","en_US":"Security","vi_VN":"Bảo vệ","ug_CN":"يانفون غوجىدارى","zh_CN":"手机管家"},"desc":"Clear trash on your device","descMap":{"fallback":"Clear trash on your device","zh_TW":"清理手機垃圾，一觸即達","bo_CN":"ཁ་པར་གད་སྙིགས་གཙང་སེལ་བྱེད་པར་མཐེབ་གཅིག་མནན་ཚེ་འགྲིག","en_US":"Clear trash on your device","vi_VN":"Xóa thùng rác trên thiết bị của bạn","ug_CN":"يانفون ئەخلىتىنى بىر كونۇپكىدا تازىلاش","zh_CN":"清理手机垃圾，一触即达"},"designerMap":{"fallback":"Security","zh_TW":"手機管家","bo_CN":"ཁ་པར་དོ་དམ་པ།","en_US":"Security","vi_VN":"Bảo vệ","ug_CN":"يانفون غوجىدارى","zh_CN":"手机管家"},"editable":false,"id":"0caa7aab-9e03-4ae8-9eaf-8540cf3550dc","isCustomEdit":false,"title":"Cleaner","titleMap":{"fallback":"Cleaner","zh_TW":"垃圾清理","bo_CN":"གད་སྙིགས་གཙང་སེལ།","en_US":"Cleaner","vi_VN":"Sạch hơn","ug_CN":"ئەخلەت تازىلاش","zh_CN":"垃圾清理"},"typeTag":"theme_bind:com.miui.securitycenter","versionCode":113}