{"authorMap":{"fallback":"天气","zh_TW":"天氣","bo_CN":"གནམ་གཤིས།","en_US":"Weather","ug_CN":"ھاۋارايى","zh_CN":"天气"},"desc":"了解某地今日天气状况与气温信息","descMap":{"fallback":"了解某地今日天气状况与气温信息","zh_TW":"瞭解某地今日天氣狀況與氣溫資訊","bo_CN":"ས་ཆ་ག་གེ་མོའི་དེ་རིང་གནམ་གཤིས་གནས་ཚུལ་དང་དྲོད་ཚད་ཆ་འཕྲིན་རྒྱུས་ལོན","en_US":"View detailed weather info","ug_CN":"مەلۇم رايوننىڭ بۈگۈنكى ھاۋارايى ئۇچۇرىغا ئېرىشەلەيسىز","zh_CN":"了解某地今日天气状况与气温信息"},"designerMap":{"fallback":"天气","zh_TW":"天氣","bo_CN":"གནམ་གཤིས།","en_US":"Weather","ug_CN":"ھاۋارايى","zh_CN":"天气"},"editable":true,"id":"fd6815cf-761d-444e-a090-7ff3d6c4eb90","isCustomEdit":true,"title":"今日天气","titleMap":{"fallback":"今日天气","zh_TW":"今日天氣","bo_CN":"དེ་རིང་གི་གནམ་གཤིས།","en_US":"Weather","ug_CN":"بۈگۈنكى ھاۋارايى","zh_CN":"今日天气"},"typeTag":"theme_bind:com.miui.weather2","versionCode":127}