{"authorMap":{"fallback":"Chủ đề Xiaomi","zh_CN":"Chủ đề Xiaomi"},"desc":"Nhìn thấy thực giữa ánh sáng ảo và bóng tối. ","descMap":{"fallback":"Nhìn thấy thực giữa ánh sáng ảo và bóng tối. ","zh_CN":"Nhìn thấy thực giữa ánh sáng ảo và bóng tối. "},"designerMap":{"fallback":"Chủ đề Xiaomi","zh_CN":"Chủ đề Xiaomi"},"editable":true,"id":"8dc9f446-5e0b-4e04-ab2f-0a29e18065bc","isCustomEdit":false,"title":"Đếm ngược","titleMap":{"fallback":"Đếm ngược","zh_CN":"Đếm ngược"},"typeTag":"theme_tools","versionCode":1}