{"authorMap":{"fallback":"Chủ đề Xiaomi","zh_CN":"Chủ đề Xiaomi"},"desc":"Sạch sẽ và tối giản.","descMap":{"fallback":"Sạch sẽ và tối giản.","zh_CN":"Sạch sẽ và tối giản."},"designerMap":{"fallback":"Chủ đề Xiaomi","zh_CN":"Chủ đề Xiaomi"},"editable":false,"id":"f50a7143-ff7d-4a0c-a261-420b04953244","isCustomEdit":false,"title":"Thời tiết","titleMap":{"fallback":"Thời tiết","zh_CN":"Thời tiết"},"typeTag":"theme_weather","versionCode":102}