<?xml version="1.0" encoding="UTF-8" standalone="no"?>
<theme>
<version><![CDATA[131]]></version>
<uiVersion>12</uiVersion>
<author><![CDATA[天气]]></author>
<designer><![CDATA[天气]]></designer>
<title><![CDATA[多日天气]]></title>
<description><![CDATA[了解某地多日天气状况与气温信息]]></description>
<typeTag>theme_bind:com.miui.weather2</typeTag>
<frame>0</frame>
<editable>true</editable>
<customEditLink>true</customEditLink>
<resourceType>widgets</resourceType>
<authors>
<author locale="zh_TW"><![CDATA[天氣]]></author>
<author locale="bo_CN"><![CDATA[གནམ་གཤིས།]]></author>
<author locale="en_US"><![CDATA[Weather]]></author>
<author locale="ug_CN"><![CDATA[ھاۋارايى]]></author>
<author locale="zh_CN"><![CDATA[天气]]></author>
</authors>
<designers>
<designer locale="zh_TW"><![CDATA[天氣]]></designer>
<designer locale="bo_CN"><![CDATA[གནམ་གཤིས།]]></designer>
<designer locale="en_US"><![CDATA[Weather]]></designer>
<designer locale="ug_CN"><![CDATA[ھاۋارايى]]></designer>
<designer locale="zh_CN"><![CDATA[天气]]></designer>
</designers>
<titles>
<title locale="zh_TW"><![CDATA[多日天氣]]></title>
<title locale="bo_CN"><![CDATA[ཉིན་མང་པོའི་རིང་གི་གནམ་གཤིས།]]></title>
<title locale="en_US"><![CDATA[Forecast]]></title>
<title locale="ug_CN"><![CDATA[باشقا كۈندىكى ھاۋارايى]]></title>
<title locale="zh_CN"><![CDATA[多日天气]]></title>
</titles>
<descriptions>
<description locale="zh_TW"><![CDATA[瞭解某地多日天氣狀況與氣溫資訊]]></description>
<description locale="bo_CN"><![CDATA[ས་ཆ་ག་གེ་མོའི་ཉིན་མང་པོའི་རིང་གི་གནམ་གཤིས་གནས་ཚུལ་དང་དྲོད་ཚད་ཆ་འཕྲིན།]]></description>
<description locale="en_US"><![CDATA[View weather forecast]]></description>
<description locale="ug_CN"><![CDATA[مەلۇم رايوننىڭ باشقا كۈندىكى ھاۋارايى ئۇچۇرىغا ئېرىشەلەيسىز]]></description>
<description locale="zh_CN"><![CDATA[了解某地多日天气状况与气温信息]]></description>
</descriptions>
</theme>
