{"authorMap":{"fallback":"天气","zh_TW":"天氣","bo_CN":"གནམ་གཤིས།","en_US":"Weather","ug_CN":"ھاۋارايى","zh_CN":"天气"},"desc":"了解某地多日天气状况与气温信息","descMap":{"fallback":"了解某地多日天气状况与气温信息","zh_TW":"瞭解某地多日天氣狀況與氣溫資訊","bo_CN":"ས་ཆ་ག་གེ་མོའི་ཉིན་མང་པོའི་རིང་གི་གནམ་གཤིས་གནས་ཚུལ་དང་དྲོད་ཚད་ཆ་འཕྲིན།","en_US":"View weather forecast","ug_CN":"مەلۇم رايوننىڭ باشقا كۈندىكى ھاۋارايى ئۇچۇرىغا ئېرىشەلەيسىز","zh_CN":"了解某地多日天气状况与气温信息"},"designerMap":{"fallback":"天气","zh_TW":"天氣","bo_CN":"གནམ་གཤིས།","en_US":"Weather","ug_CN":"ھاۋارايى","zh_CN":"天气"},"editable":true,"id":"bc0f0cd2-43fd-4323-8061-55a8bc997e1f","isCustomEdit":true,"title":"多日天气","titleMap":{"fallback":"多日天气","zh_TW":"多日天氣","bo_CN":"ཉིན་མང་པོའི་རིང་གི་གནམ་གཤིས།","en_US":"Forecast","ug_CN":"باشقا كۈندىكى ھاۋارايى","zh_CN":"多日天气"},"typeTag":"theme_bind:com.miui.weather2","versionCode":131}