{"authorMap":{"fallback":"Chủ đề Xiaomi","zh_CN":"Chủ đề Xiaomi"},"desc":"Đừng để công việc bán thời gian trở thành toàn bộ cuộc sống của bạn. Buổi sáng tốt lành! Đánh công nhân.","descMap":{"fallback":"Đừng để công việc bán thời gian trở thành toàn bộ cuộc sống của bạn. Buổi sáng tốt lành! Đánh công nhân.","zh_CN":"Đừng để công việc bán thời gian trở thành toàn bộ cuộc sống của bạn. Buổi sáng tốt lành! Đánh công nhân."},"designerMap":{"fallback":"Chủ đề Xiaomi","zh_CN":"Chủ đề Xiaomi"},"editable":true,"id":"cf58efc7-f0ba-4e5a-8fc9-04adf4978f88","isCustomEdit":true,"title":"Thời tiết","titleMap":{"fallback":"Thời tiết","zh_CN":"Thời tiết"},"typeTag":"theme_weather","versionCode":102}