<?xml version="1.0" encoding="UTF-8" standalone="no"?>
<theme>
<version><![CDATA[1]]></version>
<uiVersion>12</uiVersion>
<author><![CDATA[Chủ đề Xiaomi]]></author>
<designer><![CDATA[Chủ đề Xiaomi]]></designer>
<title><![CDATA[Thời tiết]]></title>
<description><![CDATA[Tưởng tượng rằng cuộc sống hiện hữu trong tâm trí tôi.]]></description>
<typeTag>theme_weather</typeTag>
<frame>0</frame>
<editable>false</editable>
<resourceType>widgets</resourceType>
<authors>
<author locale="zh_CN"><![CDATA[Chủ đề Xiaomi]]></author>
</authors>
<designers>
<designer locale="zh_CN"><![CDATA[Chủ đề Xiaomi]]></designer>
</designers>
<titles>
<title locale="zh_CN"><![CDATA[Thời tiết]]></title>
</titles>
<descriptions>
<description locale="zh_CN"><![CDATA[Tưởng tượng rằng cuộc sống hiện hữu trong tâm trí tôi.]]></description>
</descriptions>
</theme>
