{"authorMap":{"fallback":"Chủ đề Xiaomi","zh_CN":"Chủ đề Xiaomi"},"desc":"Tưởng tượng rằng cuộc sống hiện hữu trong tâm trí tôi.","descMap":{"fallback":"Tưởng tượng rằng cuộc sống hiện hữu trong tâm trí tôi.","zh_CN":"Tưởng tượng rằng cuộc sống hiện hữu trong tâm trí tôi."},"designerMap":{"fallback":"Chủ đề Xiaomi","zh_CN":"Chủ đề Xiaomi"},"editable":false,"id":"b531f1ff-774b-417e-bdba-5655d794c532","isCustomEdit":false,"title":"Thời tiết","titleMap":{"fallback":"Thời tiết","zh_CN":"Thời tiết"},"typeTag":"theme_weather","versionCode":1}