{"authorMap":{"fallback":"Chủ đề Xiaomi","zh_CN":"Chủ đề Xiaomi"},"desc":"Tưởng tượng rằng cuộc sống hiện hữu trong tâm trí tôi.","descMap":{"fallback":"Tưởng tượng rằng cuộc sống hiện hữu trong tâm trí tôi.","zh_CN":"Tưởng tượng rằng cuộc sống hiện hữu trong tâm trí tôi."},"designerMap":{"fallback":"Chủ đề Xiaomi","zh_CN":"Chủ đề Xiaomi"},"editable":false,"id":"47e41a44-878b-4acf-9899-776089453eff","isCustomEdit":false,"title":"Lịch","titleMap":{"fallback":"Lịch","zh_CN":"Lịch"},"typeTag":"theme_calendar","versionCode":1}