{"authorMap":{"fallback":"天气","zh_TW":"天氣","bo_CN":"གནམ་གཤིས།","en_US":"Weather","ug_CN":"ھاۋارايى","zh_CN":"天气"},"desc":"了解某地实时天气状况与气温信息","descMap":{"fallback":"了解某地实时天气状况与气温信息","zh_TW":"瞭解某地實時天氣狀況與氣溫資訊","bo_CN":"ས་ཆ་ག་གེ་མོའི་དུས་ཐོག་གནམ་གཤིས་གནས་ཚུལ་དང་དྲོད་ཚད་ཆ་འཕྲིན་རྒྱུས་ལོན།","en_US":"View current weather info","ug_CN":"مەلۇم رايوننىڭ ھاۋارايى ئۇچۇرىغا ئېرىشەلەيسىز","zh_CN":"了解某地实时天气状况与气温信息"},"designerMap":{"fallback":"天气","zh_TW":"天氣","bo_CN":"གནམ་གཤིས།","en_US":"Weather","ug_CN":"ھاۋارايى","zh_CN":"天气"},"editable":true,"id":"b8006e83-c497-4642-9815-f674b82842b0","isCustomEdit":true,"title":"实时天气","titleMap":{"fallback":"实时天气","zh_TW":"實時天氣","bo_CN":"དུས་ཐོག་གནམ་གཤིས།","en_US":"Weather","ug_CN":"پەيتلىك ھاۋارايى","zh_CN":"实时天气"},"typeTag":"theme_bind:com.miui.weather2","versionCode":137}