<?xml version="1.0" encoding="UTF-8" standalone="no"?>
<theme>
<version><![CDATA[101]]></version>
<uiVersion>12</uiVersion>
<author><![CDATA[Chủ đề Xiaomi]]></author>
<designer><![CDATA[Chủ đề Xiaomi]]></designer>
<title><![CDATA[Đếm bước]]></title>
<description><![CDATA[Đừng để công việc bán thời gian trở thành toàn bộ cuộc sống của bạn. Buổi sáng tốt lành! Đánh công nhân.]]></description>
<typeTag>theme_tools</typeTag>
<frame>0</frame>
<editable>false</editable>
<customEditLink>false</customEditLink>
<authors>
<author locale="zh_CN"><![CDATA[Chủ đề Xiaomi]]></author>
</authors>
<designers>
<designer locale="zh_CN"><![CDATA[Chủ đề Xiaomi]]></designer>
</designers>
<titles>
<title locale="zh_CN"><![CDATA[Đếm bước]]></title>
</titles>
<descriptions>
<description locale="zh_CN"><![CDATA[Đừng để công việc bán thời gian trở thành toàn bộ cuộc sống của bạn. Buổi sáng tốt lành! Đánh công nhân.]]></description>
</descriptions>
</theme>
