{"authorMap":{"fallback":"Chủ đề Xiaomi","zh_CN":"Chủ đề Xiaomi"},"desc":"Đừng để công việc bán thời gian trở thành toàn bộ cuộc sống của bạn. Buổi sáng tốt lành! Đánh công nhân.","descMap":{"fallback":"Đừng để công việc bán thời gian trở thành toàn bộ cuộc sống của bạn. Buổi sáng tốt lành! Đánh công nhân.","zh_CN":"Đừng để công việc bán thời gian trở thành toàn bộ cuộc sống của bạn. Buổi sáng tốt lành! Đánh công nhân."},"designerMap":{"fallback":"Chủ đề Xiaomi","zh_CN":"Chủ đề Xiaomi"},"editable":false,"id":"5405117a-fc34-41eb-adaf-c8999dc28407","isCustomEdit":false,"title":"Đếm bước","titleMap":{"fallback":"Đếm bước","zh_CN":"Đếm bước"},"typeTag":"theme_tools","versionCode":101}