<?xml version="1.0" encoding="utf-8"?>
<theme>
	<title>Gia tốc một nút</title>
	<designer>Guardian điện thoại</designer>
	<author>Guardian điện thoại</author>
	<version>1</version>
	<frame>0</frame>
	<description><![CDATA[Tăng tốc điện thoại của bạn và giải phóng bộ nhớ bằng một cú nhấp chuột]]></description>
	<uiVersion>12</uiVersion>
	<typeTag>theme_bind:com.miui.securitycenter</typeTag>
	<editable>false</editable>
	<titles>
		<title locale="vi_VN">
			<![CDATA[Gia tốc một nút]]>
		</title>
		<title locale="zh_TW">
			<![CDATA[一鍵加速]]>
		</title>
		<title locale="bo_CN">
			<![CDATA[འཐེབ་གཅིག་མྱུར་གཏོང་།]]>
		</title>
		<title locale="ug_CN">
			<![CDATA[بىر كونۇپكىدا تېزلىتىش]]>
		</title>
		<title locale="en_US">
			<![CDATA[Boost speed]]>
		</title>
	</titles>
	<descriptions>
		<description locale="vi_VN">
			<![CDATA[Tốc độ di động, một nút giải phóng bộ nhớ]]>
		</description>
		<description locale="zh_TW">
			<![CDATA[手機加速，一鍵釋放記憶體]]>
		</description>
		<description locale="bo_CN">
			<![CDATA[ཁ་པར་མྱུར་གཏོང་། མཐེབ་གཅིག་གིས་ནང་གསོག་རྒྱ་བསྐྱེད།]]>
		</description>
		<description locale="ug_CN">
			<![CDATA[يانفوننى تېزلىتىپ، بىر كونۇپكىدا بوشلۇقنى قويۇپ بېرىدۇ]]>
		</description>
		<description locale="en_US">
			<![CDATA[Clear memory to boost speed]]>
		</description>
	</descriptions>
	<authors>
		<author locale="vi_VN"><![CDATA[Guardian điện thoại]]></author>
		<author locale="zh_TW"><![CDATA[手機管家]]></author>
		<author locale="bo_CN"><![CDATA[ཁ་པར་དོ་དམ་པ།]]></author>
		<author locale="ug_CN"><![CDATA[يانفون غوجىدارى]]></author>
		<author locale="en_US"><![CDATA[Security]]></author>
	</authors>
	<designers>
		<designer locale="vi_VN"><![CDATA[Guardian điện thoại]]></designer>
		<designer locale="zh_TW"><![CDATA[手機管家]]></designer>
		<designer locale="bo_CN"><![CDATA[ཁ་པར་དོ་དམ་པ།]]></designer>
		<designer locale="ug_CN"><![CDATA[يانفون غوجىدارى]]></designer>
		<designer locale="en_US"><![CDATA[Security]]></designer>
	</designers>
</theme>