{"authorMap":{"fallback":"Guardian điện thoại ","vi_VN":"Guardian điện thoại ","zh_TW":"手機管家","bo_CN":"ཁ་པར་དོ་དམ་པ།","ug_CN":"يانفون غوجىدارى","en_US":"Security"},"desc":"Tốc độ di động, một nút giải phóng bộ nhớ","descMap":{"fallback":"Tốc độ di động, một nút giải phóng bộ nhớ","vi_VN":"\n\t\t\t手机提速，一键释放内存\n\t\t","zh_TW":"\n\t\t\t手機加速，一鍵釋放記憶體\n\t\t","bo_CN":"\n\t\t\tཁ་པར་མྱུར་གཏོང་། མཐེབ་གཅིག་གིས་ནང་གསོག་རྒྱ་བསྐྱེད།\n\t\t","ug_CN":"\n\t\t\tيانفوننى تېزلىتىپ، بىر كونۇپكىدا بوشلۇقنى قويۇپ بېرىدۇ\n\t\t","en_US":"\n\t\t\tClear memory to boost speed\n\t\t"},"designerMap":{"fallback":"Guardian điện thoại ","vi_VN":"Guardian điện thoại ","zh_TW":"手機管家","bo_CN":"ཁ་པར་དོ་དམ་པ།","ug_CN":"يانفون غوجىدارى","en_US":"Security"},"editable":false,"id":"a71db3f8-fc64-428c-8a80-5d11cf75be09","isCustomEdit":false,"title":"Gia tốc một nút","titleMap":{"fallback":"Gia tốc một nút","vi_VN":"\n\t\t\tGia tốc một nút\n\t\t","zh_TW":"\n\t\t\t一鍵加速\n\t\t","bo_CN":"\n\t\t\tའཐེབ་གཅིག་མྱུར་གཏོང་།\n\t\t","ug_CN":"\n\t\t\tبىر كونۇپكىدا تېزلىتىش\n\t\t","en_US":"\n\t\t\tBoost speed\n\t\t"},"typeTag":"theme_bind:com.miui.securitycenter","versionCode":1}